<?xml version="1.0" encoding="UTF-8"?>
<suppressions xmlns="https://jeremylong.github.io/DependencyCheck/dependency-suppression.1.3.xsd">
   <suppress>
      <notes><![CDATA[
      file name: spring-web-5.3.39.jar
      ]]></notes>
      <!-- Suppress false positive vulnerabilities -->
      <packageUrl regex="true">^pkg:maven/org\.springframework/spring-web@.*$</packageUrl>
      <cve>CVE-2016-1000027</cve>
   </suppress>
	<suppress>
	   <notes><![CDATA[
	   file name: spring-webmvc-5.3.39.jar
	   ]]></notes>
	   <!-- Suppress false positive vulnerabilities -->
	   <packageUrl regex="true">^pkg:maven/org\.springframework/spring-webmvc@.*$</packageUrl>
	   <vulnerabilityName>CVE-2024-38816</vulnerabilityName>
	</suppress>
	<suppress>
	   <notes><![CDATA[
	   file name: logback-classic-1.2.12.jar
	   ]]></notes>
	   <packageUrl regex="true">^pkg:maven/ch\.qos\.logback/logback-classic@.*$</packageUrl>
	   <cve>CVE-2023-6378</cve>
	</suppress>
	<suppress>
	   <notes><![CDATA[
	   file name: logback-classic-1.2.12.jar
	   ]]></notes>
	   <packageUrl regex="true">^pkg:maven/ch\.qos\.logback/logback-classic@.*$</packageUrl>
	   <cve>CVE-2023-6481</cve>
	</suppress>
</suppressions>